rsID	gene	hgvsp	aa_change	protein_pos	uniprot_acc	uniprot_feature_type	uniprot_feature_desc	uniprot_feature_range
rs78425180	SCN10A	NA	NA	NA	Q9Y5Y9	NA	NA	NA
rs6790627	SCN10A	NA	NA	NA	Q9Y5Y9	NA	NA	NA
rs4076737	SCN10A	NA	NA	NA	Q9Y5Y9	NA	NA	NA
rs6795970	SCN10A	NA	V1073A	1073	Q9Y5Y9	Chain	Sodium channel protein type 10 subunit alpha	1-1956
rs6795970	SCN10A	NA	V1073A	1073	Q9Y5Y9	Topological domain	Cytoplasmic	891-1147
rs6795970	SCN10A	NA	V1073A	1073	Q9Y5Y9	Region	Disordered	1041-1089
rs6795970	SCN10A	NA	V1073A	1073	Q9Y5Y9	Natural variant	in dbSNP:rs6795970	1073-1073
rs77787358	SCN10A	NA	NA	NA	Q9Y5Y9	NA	NA	NA
rs7374804	SCN10A	NA	K950N	950	Q9Y5Y9	Chain	Sodium channel protein type 10 subunit alpha	1-1956
rs7374804	SCN10A	NA	K950N	950	Q9Y5Y9	Topological domain	Cytoplasmic	891-1147
rs7618620	SCN10A	NA	NA	NA	Q9Y5Y9	NA	NA	NA
rs72866265	SCN10A	NA	NA	NA	Q9Y5Y9	NA	NA	NA
rs12494065	SCN10A	NA	NA	NA	Q9Y5Y9	NA	NA	NA
rs7630989	SCN10A	NA	S509A	509	Q9Y5Y9	Chain	Sodium channel protein type 10 subunit alpha	1-1956
rs7630989	SCN10A	NA	S509A	509	Q9Y5Y9	Topological domain	Cytoplasmic	400-659
rs7630989	SCN10A	NA	S509A	509	Q9Y5Y9	Region	Disordered	500-580
rs7630989	SCN10A	NA	S509A	509	Q9Y5Y9	Natural variant	in dbSNP:rs7630989	509-509
rs7617919	SCN10A	NA	NA	NA	Q9Y5Y9	NA	NA	NA
rs6798015	SCN10A	NA	NA	NA	Q9Y5Y9	NA	NA	NA
rs7641844	SCN10A	NA	NA	NA	Q9Y5Y9	NA	NA	NA
rs74717885	SCN10A	NA	I206M	206	Q9Y5Y9	Chain	Sodium channel protein type 10 subunit alpha	1-1956
rs74717885	SCN10A	NA	I206M	206	Q9Y5Y9	Transmembrane	Helical; Name=S3 of repeat I	188-206
rs74717885	SCN10A	NA	I206M	206	Q9Y5Y9	Repeat	I	116-405
rs73826327	SCN10A	NA	NA	NA	Q9Y5Y9	NA	NA	NA
rs62244081	SCN10A	NA	NA	NA	Q9Y5Y9	NA	NA	NA
